molecule_chembl_id,canonical_smiles,bioactivity_class,MW,LogP,NumHDonors,NumHAcceptors,pIC50
CHEMBL51979,O=C(O)CCC(=O)NO,inactive,133.103,-0.6434000000000002,3.0,3.0,4.366531544420414
CHEMBL47009,O=C(O)CCC(CP(=O)(O)O)C(=O)O,active,226.121,-0.27029999999999993,4.0,3.0,9.522878745280337
CHEMBL65043,O=C(O)CCC(CC(=O)NO)C(=O)O,active,205.16600000000003,-0.5524999999999998,4.0,4.0,6.657577319177793
CHEMBL63893,N[C@@H](CCC(=O)NO)C(=O)O,inactive,162.14499999999998,-1.3160999999999996,4.0,4.0,4.0
CHEMBL65072,CC(=O)N[C@@H](CC(=O)O)C(=O)NO,inactive,190.155,-1.5287999999999995,4.0,4.0,4.0
CHEMBL433298,O=C(O)CCC(CCCC(=O)NO)C(=O)O,active,233.22,0.22769999999999985,4.0,4.0,6.026872146400302
CHEMBL294281,CC(=O)N[C@H](CC(=O)O)C(=O)NO,inactive,190.155,-1.5287999999999995,4.0,4.0,4.0
CHEMBL432726,O=C(O)CCC(C(=O)O)C(=O)NO,intermediate,191.139,-0.9425999999999994,4.0,4.0,5.3979400086720375
CHEMBL63454,O=C(O)CCC(CCC(=O)NO)C(=O)O,intermediate,219.193,-0.16239999999999966,4.0,4.0,5.920818753952375
CHEMBL303352,O=C(O)CCC(CCCS)C(=O)O,active,206.263,1.262,3.0,3.0,7.045757490560675
CHEMBL63902,N[C@@H](CC(=O)NO)C(=O)O,inactive,148.118,-1.7062,4.0,4.0,4.0
CHEMBL64901,O=C(O)CCC(CP(=O)(O)Cc1c(F)c(F)c(F)c(F)c1F)C(=O)O,active,390.19700000000006,2.7181000000000006,3.0,3.0,7.086186147616283
CHEMBL413963,N[C@H](CC(=O)NO)C(=O)O,inactive,148.118,-1.7062,4.0,4.0,4.0
CHEMBL65860,O=C(O)CCC(CC(=O)O)C(=O)O,inactive,190.151,0.026700000000000057,3.0,3.0,4.698970004336019
CHEMBL304885,O=C(O)CCC(S)C(=O)O,intermediate,164.18200000000002,0.2341999999999999,3.0,3.0,5.585026652029182
CHEMBL60317,O=C(O)CCC(CCCCS)C(=O)O,intermediate,220.29,1.6521000000000001,3.0,3.0,5.958607314841775
CHEMBL417214,O=C(O)CCC(CCCSC(c1ccccc1)(c1ccccc1)c1ccccc1)C(=O)O,inactive,448.5840000000002,6.057500000000006,2.0,3.0,5.0
CHEMBL61882,CSCCCC(CCC(=O)O)C(=O)O,intermediate,220.29,1.6952,2.0,3.0,5.187086643357144
CHEMBL294565,O=C(O)CCCCS,intermediate,134.20000000000002,1.1711,2.0,2.0,5.853871964321762
CHEMBL47009,O=C(O)CCC(CP(=O)(O)O)C(=O)O,active,226.121,-0.27029999999999993,4.0,3.0,9.522878745280337
CHEMBL60941,O=C(O)CCC(CS)C(=O)O,intermediate,178.209,0.48179999999999995,3.0,3.0,5.221848749616356
CHEMBL61832,O=C(O)CCC(CCCSSCCCC(CCC(=O)O)C(=O)O)C(=O)O,intermediate,410.5100000000002,3.0594,4.0,6.0,5.508638306165727
CHEMBL61067,O=C(O)CCC(CCCCCS)C(=O)O,intermediate,234.31699999999998,2.0422,3.0,3.0,5.585026652029182
CHEMBL292562,O=C(O)CCC(CCS)C(=O)O,active,192.23600000000002,0.8719000000000001,3.0,3.0,6.236572006437063
CHEMBL302413,O=C(O)CCC(C(=O)O)P(=O)(O)O,intermediate,212.094,-0.5179,4.0,3.0,5.853871964321762
CHEMBL303352,O=C(O)CCC(CCCS)C(=O)O,active,206.263,1.262,3.0,3.0,7.045757490560675
CHEMBL58232,O=C(O)CCC(CCP(=O)(O)O)C(=O)O,intermediate,240.148,0.11979999999999996,4.0,3.0,5.920818753952375
CHEMBL284762,O=C(O)c1ccc(COC(=O)[C@@H]2[C@H](Cc3ccc(O)cc3)C(=O)N2C(=O)Cc2cccc(C(=O)OCc3ccccc3)c2)cc1,intermediate,607.6150000000004,4.329600000000004,2.0,8.0,5.455931955649724
CHEMBL290489,Cc1ccc(S(=O)(=O)N2C(=O)[C@@H](Cc3ccccc3)[C@H]2COC(=O)c2ccccc2)cc1,intermediate,449.5280000000002,3.610420000000003,0.0,5.0,5.319664486585436
CHEMBL286935,O=C(O)c1ccc(COC(=O)[C@@H]2[C@H](Cc3ccccc3)C(=O)N2C(=O)Cc2cccc(C(=O)OCc3ccccc3)c2)cc1,intermediate,591.6160000000004,4.624000000000004,1.0,7.0,5.0467236633326955
CHEMBL286934,O=C(OCc1ccccc1)c1cccc(CC(=O)N2C(=O)[C@@H](Cc3ccc(O)cc3)[C@H]2C(=O)OCc2ccccc2)c1,active,563.6060000000003,4.631400000000004,1.0,7.0,6.458420756053419
CHEMBL35781,O=C(OCc1ccccc1)c1cccc(CC(=O)N2C(=O)[C@@H](Cc3ccccc3)[C@H]2C(=O)OCc2ccccc2)c1,intermediate,547.6070000000003,4.925800000000004,0.0,6.0,5.844663962534939
CHEMBL288296,Cc1ccc(S(=O)(=O)N2C(=O)[C@@H](Cc3ccccc3)[C@H]2C(=O)OCc2ccccc2)cc1,inactive,449.5280000000002,3.496820000000003,0.0,5.0,4.522878745280337
CHEMBL37039,O=C(OCc1ccccc1)[C@@H]1[C@H](Cc2ccc(O)cc2)C(=O)N1C(=O)c1ccccc1,intermediate,415.4450000000001,3.345500000000002,1.0,5.0,5.039053804266168
CHEMBL37818,O=C(OC[C@@H]1[C@H](Cc2ccccc2)C(=O)N1S(=O)(=O)c1ccccc1)c1ccccc1,intermediate,435.50100000000015,3.3020000000000023,0.0,5.0,5.511449283499556
CHEMBL37038,O=C(O)c1ccc(COC(=O)[C@@H]2[C@H](Cc3ccccc3)C(=O)N2C(=O)c2ccccc2)cc1,inactive,443.45500000000015,3.3381000000000016,1.0,5.0,4.614393726401688
CHEMBL37153,O=C(O)c1ccc(COC(=O)[C@@H]2[C@H](Cc3ccccc3)C(=O)N2C(=O)Cc2cccc(C(=O)O)c2)cc1,inactive,501.49100000000027,2.965200000000001,2.0,6.0,4.522878745280337
CHEMBL36919,O=C(OC[C@@H]1[C@H](Cc2ccccc2)C(=O)N1C(=O)c1ccccc1)c1ccccc1,intermediate,399.4460000000001,3.7535000000000025,0.0,4.0,5.798602875679548
CHEMBL36215,O=C(O)c1ccc(C(=O)OC[C@@H]2[C@H](Cc3ccccc3)C(=O)N2C(=O)c2ccccc2)cc1,inactive,443.45500000000015,3.4517000000000024,1.0,5.0,4.0
CHEMBL285618,O=C(OCc1ccccc1)c1cccc(CC(=O)N2C(=O)[C@@H](Cc3ccccc3)[C@H]2COC(=O)c2ccccc2)c1,inactive,547.6070000000003,5.039400000000005,0.0,6.0,4.0
CHEMBL289238,O=C(O)c1ccc(COC(=O)c2cccc(CC(=O)N3C(=O)[C@@H](Cc4ccccc4)[C@H]3C(=O)OCc3ccc(C(=O)O)cc3)c2)cc1,intermediate,635.6250000000003,4.322200000000003,2.0,8.0,5.2335871528876
CHEMBL286934,O=C(OCc1ccccc1)c1cccc(CC(=O)N2C(=O)[C@@H](Cc3ccc(O)cc3)[C@H]2C(=O)OCc2ccccc2)c1,active,563.6060000000003,4.631400000000004,1.0,7.0,6.645891560852599
CHEMBL37059,CCS(=O)(=O)N1C(=O)[C@@H](Cc2ccccc2)[C@H]1COC(=O)c1ccccc1,intermediate,387.45700000000016,2.2628000000000004,0.0,5.0,5.6595558851598815
CHEMBL286600,NCc1ccc(COC(=O)[C@@H]2[C@H](Cc3ccccc3)C(=O)N2C(=O)Cc2cccc(C(=O)OCc3ccccc3)c2)cc1.O=C(O)C(F)(F)F,intermediate,690.6710000000006,5.017800000000005,2.0,8.0,5.872895201635193
CHEMBL36676,O=C(OC[C@@H]1[C@H](Cc2ccccc2)C(=O)N1S(=O)(=O)c1ccc([N+](=O)[O-])cc1)c1ccccc1,inactive,480.4980000000002,3.210200000000002,0.0,7.0,4.939302159646388
CHEMBL284762,O=C(O)c1ccc(COC(=O)[C@@H]2[C@H](Cc3ccc(O)cc3)C(=O)N2C(=O)Cc2cccc(C(=O)OCc3ccccc3)c2)cc1,intermediate,607.6150000000004,4.329600000000004,2.0,8.0,5.455931955649724
CHEMBL286934,O=C(OCc1ccccc1)c1cccc(CC(=O)N2C(=O)[C@@H](Cc3ccc(O)cc3)[C@H]2C(=O)OCc2ccccc2)c1,active,563.6060000000003,4.631400000000004,1.0,7.0,6.645891560852599
CHEMBL286935,O=C(O)c1ccc(COC(=O)[C@@H]2[C@H](Cc3ccccc3)C(=O)N2C(=O)Cc2cccc(C(=O)OCc3ccccc3)c2)cc1,intermediate,591.6160000000004,4.624000000000004,1.0,7.0,5.0467236633326955
CHEMBL47864,NCc1ccc(COC(=O)[C@@H]2[C@H](Cc3ccccc3)C(=O)N2C(=O)Cc2cccc(C(=O)O)c2)cc1.O=C(O)C(F)(F)F,intermediate,600.5460000000005,3.359000000000001,3.0,7.0,5.872895201635193
CHEMBL289238,O=C(O)c1ccc(COC(=O)c2cccc(CC(=O)N3C(=O)[C@@H](Cc4ccccc4)[C@H]3C(=O)OCc3ccc(C(=O)O)cc3)c2)cc1,intermediate,635.6250000000003,4.322200000000003,2.0,8.0,5.2335871528876
CHEMBL37153,O=C(O)c1ccc(COC(=O)[C@@H]2[C@H](Cc3ccccc3)C(=O)N2C(=O)Cc2cccc(C(=O)O)c2)cc1,inactive,501.49100000000027,2.965200000000001,2.0,6.0,4.522878745280337
CHEMBL286934,O=C(OCc1ccccc1)c1cccc(CC(=O)N2C(=O)[C@@H](Cc3ccc(O)cc3)[C@H]2C(=O)OCc2ccccc2)c1,active,563.6060000000003,4.631400000000004,1.0,7.0,6.458420756053419
CHEMBL35781,O=C(OCc1ccccc1)c1cccc(CC(=O)N2C(=O)[C@@H](Cc3ccccc3)[C@H]2C(=O)OCc2ccccc2)c1,intermediate,547.6070000000003,4.925800000000004,0.0,6.0,5.844663962534939
CHEMBL383676,O=C(O)C(CCCS)Cc1ccccc1,intermediate,224.32500000000005,2.639900000000001,2.0,2.0,5.853871964321762
CHEMBL209190,O=C(O)CC(Cc1cccc(C(=O)O)c1)C(=O)O,inactive,252.22199999999998,1.1028,3.0,3.0,4.823908740944319
CHEMBL208206,O=C(CC(Cc1cccc(C(=O)O)c1)C(=O)O)NO,inactive,267.23699999999997,0.5235999999999998,4.0,4.0,4.823908740944319
CHEMBL206733,O=C(O)c1cccc(CC(CP(=O)(O)Cc2c(F)c(F)c(F)c(F)c2F)C(=O)O)c1,intermediate,452.2680000000001,3.794200000000002,3.0,3.0,5.619788758288394
CHEMBL207343,O=C(O)c1cccc(CC(CP(=O)(O)O)C(=O)O)c1,active,288.192,0.8057999999999998,4.0,3.0,6.920818753952375
CHEMBL207288,O=C(O)c1cccc(SC(CCCS)C(=O)O)c1,active,286.37399999999997,2.6401000000000003,3.0,4.0,7.494850021680094
CHEMBL207350,O=C(O)c1cccc(OC(CCCS)C(=O)O)c1,active,270.3059999999999,1.9267999999999998,3.0,4.0,7.853871964321762
CHEMBL207899,N#Cc1cccc(CC(CCCS)C(=O)O)c1,intermediate,249.33499999999995,2.5115800000000004,2.0,3.0,5.7447274948966935
CHEMBL206885,NC(=O)c1cccc(CC(CCCS)C(=O)O)c1,intermediate,267.34999999999997,1.7388000000000001,3.0,3.0,5.657577319177793
CHEMBL425947,COC(=O)c1cccc(CC(CCCS)C(=O)O)c1,intermediate,282.36099999999993,2.4265,2.0,4.0,5.568636235841013
CHEMBL377648,NC(=O)C(CCCS)Cc1cccc(C(=O)O)c1,active,267.35,1.7388,3.0,3.0,6.1938200260161125
CHEMBL379141,COC(=O)C(CCCS)Cc1cccc(C(=O)O)c1,active,282.361,2.4265,2.0,4.0,6.136677139879544
CHEMBL207243,O=C(O)c1cccc(CC(CCCSC(c2ccccc2)(c2ccccc2)c2ccccc2)C(=O)O)c1,inactive,510.65500000000014,7.133600000000007,2.0,3.0,4.698970004336019
CHEMBL207427,CSCCCC(Cc1cccc(C(=O)O)c1)C(=O)O,inactive,282.36100000000005,2.7713,2.0,3.0,4.698970004336019
CHEMBL206804,O=C(O)c1ccccc1CC(CCCCCS)C(=O)O,active,296.388,3.118300000000002,3.0,3.0,6.721246399047171
CHEMBL204412,O=C(O)c1cccc(CC(CCCCS)C(=O)O)c1,active,282.36099999999993,2.7282,3.0,3.0,6.4089353929735005
CHEMBL206078,O=C(O)c1cccc(CC(CCS)C(=O)O)c1,intermediate,254.307,1.948,3.0,3.0,5.958607314841775
CHEMBL206699,O=C(O)c1cccc(CC(CS)C(=O)O)c1,active,240.28,1.5579,3.0,3.0,6.356547323513812
CHEMBL205399,O=C(O)c1ccc(CC(CCCS)C(=O)O)cc1,active,268.33399999999995,2.3381,3.0,3.0,7.200659450546418
CHEMBL382398,O=C(O)c1cccc(CC(CCCS)C(=O)O)c1,active,268.33399999999995,2.3381,3.0,3.0,7.823908740944319
CHEMBL207314,O=C(O)c1ccccc1CC(CCCS)C(=O)O,intermediate,268.33399999999995,2.3381000000000003,3.0,3.0,5.769551078621726
CHEMBL575060,N[C@@H](CCC(=O)O)C(=O)O,inactive,147.13,-0.7368999999999997,3.0,3.0,3.3685562309868278
CHEMBL284377,N[C@@H](COP(=O)(O)O)C(=O)O,inactive,185.072,-1.4924000000000002,4.0,4.0,3.281498311132726
CHEMBL28885,N[C@@H](COS(=O)(=O)O)C(=O)O,inactive,185.15699999999998,-1.7822999999999993,3.0,5.0,3.3585258894959003
CHEMBL122005,N[C@@H](Cn1ccc(=O)[nH]c1=O)C(=O)O,inactive,199.16599999999997,-2.0515,3.0,5.0,4.173925197299173
CHEMBL279956,N[C@@H](Cn1oc(=O)[nH]c1=O)C(=O)O,intermediate,189.12699999999998,-2.4585,3.0,6.0,5.022276394711152
CHEMBL239882,O=C([O-])CC[C@H](NP(=O)([O-])OC[C@H](NC(=O)c1ccccc1)C(=O)[O-])C(=O)[O-].[K+].[K+].[K+].[K+],active,570.6550000000001,-16.72589999999998,2.0,10.0,7.455931955649724
CHEMBL238830,O=C(O)CC[C@H](NP(=O)(O)O)C(=O)O,active,227.109,-1.0133000000000003,5.0,3.0,8.638272163982407
CHEMBL241780,O=C([O-])CC[C@H](OP(=O)([O-])[O-])C(=O)[O-].[Li+].[Li+].[Li+].[Li+],active,251.82499999999996,-16.503699999999995,0.0,8.0,7.823908740944319
CHEMBL241779,O=C([O-])CC[C@H](NP(=O)([O-])[O-])C(=O)[O-].[Li+].[Li+].[Li+].[Li+],active,250.84099999999998,-16.930699999999995,1.0,7.0,9.065501548756432
CHEMBL394011,O=C([O-])CC[C@H](NP(=O)([O-])OCCCCc1ccccc1)C(=O)[O-].[K+].[K+].[K+],active,473.58500000000004,-10.255500000000012,1.0,7.0,6.7447274948966935
CHEMBL391138,O=C([O-])CCOP(=O)([O-])N[C@@H](CCC(=O)[O-])C(=O)[O-].[K+].[K+].[K+].[K+],intermediate,451.5320000000001,-17.13439999999999,1.0,9.0,5.3872161432802645
CHEMBL391840,O=C([O-])CC[C@H](NP(=O)([O-])OCC(CCc1ccccc1)C(=O)[O-])C(=O)[O-].[K+].[K+].[K+].[K+],active,555.6840000000001,-15.27549999999999,1.0,9.0,6.102372908709558
CHEMBL239465,O=C([O-])CC[C@H](NP(=O)([O-])OC[C@@H](NC(=O)c1ccccc1)C(=O)[O-])C(=O)[O-].[K+].[K+].[K+].[K+],active,570.6550000000001,-16.72589999999998,2.0,10.0,6.154901959985743
CHEMBL239041,CN(CCOP(=O)([O-])N[C@@H](CCC(=O)[O-])C(=O)[O-])C(=O)c1ccccc1.[K+].[K+].[K+],active,502.58300000000014,-11.506200000000012,1.0,8.0,6.552841968657781
CHEMBL400842,O=C([O-])CC[C@H](NP(=O)([O-])OCCNC(=O)c1ccccc1)C(=O)[O-].[K+].[K+].[K+],intermediate,488.5560000000001,-11.84840000000001,2.0,8.0,5.7447274948966935
CHEMBL238831,CN(C(=O)c1ccccc1)[C@@H](COP(=O)([O-])N[C@@H](CCC(=O)[O-])C(=O)[O-])C(=O)[O-].[K+].[K+].[K+].[K+],active,584.6820000000002,-16.38369999999998,1.0,10.0,7.259637310505756
CHEMBL270610,CC(C)CCC[C@@H](C)[C@H]1CC[C@H]2[C@@H]3CCC4C[C@@H](OCCCOP(=O)([O-])N[C@@H](CCC(=O)[O-])C(=O)[O-])CC[C@]4(C)[C@H]3CC[C@@]21C.[K+].[K+].[K+],active,770.1239999999998,-4.381800000000016,1.0,8.0,6.903089986991944
CHEMBL394011,O=C([O-])CC[C@H](NP(=O)([O-])OCCCCc1ccccc1)C(=O)[O-].[K+].[K+].[K+],active,473.58500000000004,-10.255500000000012,1.0,7.0,6.7447274948966935
CHEMBL437209,C[C@]12CC[C@H]3[C@@H](CC[C@H]4C[C@@H](OP(=O)([O-])N[C@@H](CCC(=O)[O-])C(=O)[O-])CC[C@@]43C)[C@@H]1CCC2=O.[K+].[K+].[K+],active,613.8110000000004,-8.298000000000023,1.0,8.0,6.244887733604929
CHEMBL270594,CC(C)CCC[C@@H](C)[C@H]1CC[C@H]2[C@@H]3CCC4C[C@@H](OP(=O)([O-])N[C@@H](CCC(=O)[O-])C(=O)[O-])CC[C@]4(C)[C@H]3CC[C@@]21C.[K+].[K+].[K+],active,712.044,-4.788500000000014,1.0,7.0,6.361510743045363
CHEMBL402033,C[C@]12CC[C@@H]3c4ccc(OC(=O)c5ccccc5)cc4CC[C@H]3[C@@H]1CC[C@@H]2OCCCOP(=O)([O-])N[C@@H](CCC(=O)[O-])C(=O)[O-].[K+].[K+].[K+],active,757.9400000000002,-6.727600000000019,1.0,10.0,6.242603971206976
CHEMBL402223,C[C@]12CC[C@@H]3c4ccc(OCCCOP(=O)([O-])N[C@@H](CCC(=O)[O-])C(=O)[O-])cc4CC[C@H]3[C@@H]1CCC2=O.[K+].[K+].[K+],active,651.8160000000003,-8.384100000000023,1.0,9.0,6.853871964321762
CHEMBL270824,C[C@]12CC[C@H]3[C@@H](CC[C@H]4C[C@@H](OCCCOP(=O)([O-])N[C@@H](CCC(=O)[O-])C(=O)[O-])CC[C@@]43C)[C@@H]1CCC2=O.[K+].[K+].[K+],active,671.8910000000001,-7.891300000000027,1.0,9.0,6.3585258894959
CHEMBL47009,O=C(O)CCC(CP(=O)(O)O)C(=O)O,active,226.121,-0.27029999999999993,4.0,3.0,9.522878745280337
CHEMBL408143,CC(=O)N[C@@H](CCCN(O)C(C)=O)C(=O)N[C@@H](CCCN(O)C(C)=O)C(=O)N[C@@H](CCCN(O)C(C)=O)C(=O)NCCCC(=O)c1ccc(C(=O)NCC(=O)Nc2ccc(CCOP(=O)(O)C[C@@H](CCC(=O)O)C(=O)O)cc2)cc1,active,1150.1429999999998,0.972300000000002,12.0,17.0,8.397940008672037
CHEMBL408144,O=C(O)CCC(CP(=O)(O)OCc1ccccc1)C(=O)O,active,316.24600000000004,1.9542,3.0,4.0,7.903089986991944
CHEMBL511108,O=C(O)CC[C@H](NC(=O)NCc1ccc(I)cc1)C(=O)O,intermediate,406.17600000000004,1.4083999999999999,4.0,3.0,5.522878745280337
CHEMBL458202,NCCCC[C@H](NC(=O)N[C@@H](CCC(=O)O)C(=O)O)C(=O)O,active,319.314,-0.8141999999999985,6.0,5.0,6.302770657240282
CHEMBL496748,O=C(O)CC[C@H](NC(=O)N[C@@H](CCCCNCc1ccc(I)cc1)C(=O)O)C(=O)O,active,535.3350000000002,1.6215000000000002,6.0,5.0,7.657577319177793
CHEMBL523595,O=C(O)CC[C@H](NC(=O)N[C@@H](CCCCNCc1ccccc1I)C(=O)O)C(=O)O,active,535.3350000000002,1.6215000000000002,6.0,5.0,7.431798275933005
CHEMBL496955,O=C(O)CC[C@H](NC(=O)N[C@@H](CCCCNCc1cccc(I)c1)C(=O)O)C(=O)O,active,535.3350000000002,1.6215000000000002,6.0,5.0,6.3535962737769305
CHEMBL496956,O=C(O)CC[C@H](NC(=O)N[C@@H](CCCCNCc1ccc(Br)cc1)C(=O)O)C(=O)O,active,488.3350000000001,1.7793999999999999,6.0,5.0,7.366531544420414
CHEMBL495511,O=C(O)CC[C@H](NC(=O)N[C@@H](CCCCNCc1ccc(Cl)cc1)C(=O)O)C(=O)O,active,443.8840000000001,1.6703000000000001,6.0,5.0,8.698970004336019
CHEMBL498192,O=C(O)CC[C@H](NC(=O)N[C@@H](CCCCNCc1ccccc1Cl)C(=O)O)C(=O)O,active,443.8840000000001,1.6703000000000001,6.0,5.0,6.610833915635467
CHEMBL497388,O=C(O)CC[C@H](NC(=O)N[C@@H](CCCCNCc1cccc(Cl)c1)C(=O)O)C(=O)O,active,443.8840000000001,1.6703000000000001,6.0,5.0,6.557520230935552
CHEMBL496146,O=C(O)CC[C@H](NC(=O)N[C@@H](CCCCNCc1ccc(F)cc1)C(=O)O)C(=O)O,intermediate,427.4290000000001,1.1559999999999997,6.0,5.0,5.920818753952375
CHEMBL459278,O=C(O)CC[C@H](NC(=O)N[C@@H](CCCCNCc1ccccc1)C(=O)O)C(=O)O,intermediate,409.4390000000001,1.0169000000000006,6.0,5.0,5.528708288941061
CHEMBL456029,O=C(O)CC[C@H](NC(=O)N[C@@H](CCCCNC(=O)Nc1ccc(I)cc1)C(=O)O)C(=O)O,active,564.3330000000002,1.6534,7.0,5.0,8.0
CHEMBL496350,O=C(O)CC[C@H](NC(=O)N[C@@H](CCCCNC(=O)Nc1ccc(Br)cc1)C(=O)O)C(=O)O,active,517.3330000000002,1.8112999999999997,7.0,5.0,8.698970004336019
CHEMBL496351,O=C(O)CC[C@H](NC(=O)N[C@@H](CCCCNC(=O)Nc1ccc(Cl)cc1)C(=O)O)C(=O)O,active,472.8820000000002,1.7021999999999995,7.0,5.0,8.397940008672037
CHEMBL444446,O=C(O)CC[C@H](NC(=O)N[C@@H](CCCCNC(=O)Nc1ccc(F)cc1)C(=O)O)C(=O)O,active,456.42700000000013,1.1878999999999993,7.0,5.0,8.522878745280337
CHEMBL526469,O=C(O)CC[C@H](NC(=O)N[C@@H](CCCCNC(=O)Nc1ccccc1)C(=O)O)C(=O)O,active,438.4370000000001,1.0488000000000004,7.0,5.0,7.920818753952375
CHEMBL498208,O=C(O)CC[C@H](NC(=O)N[C@@H](CCCCNC(=O)NCc1cccc(I)c1)C(=O)O)C(=O)O,active,578.3600000000002,1.3311000000000002,7.0,5.0,7.7447274948966935
CHEMBL498209,O=C(O)CC[C@H](NC(=O)N[C@@H](CCCCNS(=O)(=O)c1ccc(I)cc1)C(=O)O)C(=O)O,active,585.3730000000003,0.8101999999999998,6.0,6.0,8.0
CHEMBL496977,O=C(O)CC[C@H](NC(=O)N[C@@H](CCCCNCc1cccc2ccccc12)C(=O)O)C(=O)O,active,459.49900000000014,2.170099999999999,6.0,5.0,6.812479279163537
CHEMBL1289263,N[C@@H](CCC(=O)N[C@@H](COP(=O)([O-])O[C@@H](CCC(=O)O)C(=O)O)C(=O)O)C(=O)O.[K+],active,482.3760000000002,-5.428499999999998,6.0,10.0,9.259637310505756
CHEMBL1288739,CCN1/C(=C/C=C/C=C/C2=[N+](CCCCCC(=O)N[C@@H](CCC(=O)N[C@@H](COP(=O)([O-])O[C@@H](CCC(=O)O)C(=O)O)C(=O)O)C(=O)O)c3ccc4c(S(=O)(=O)O)cc(S(=O)(=O)O)cc4c3C2(C)C)C(C)(C)c2c1ccc1c(S(=O)(=O)O)cc(S(=O)(=O)O)cc21,active,1343.342,4.469000000000011,10.0,19.0,6.841637507904751
CHEMBL1288738,CCN1/C(=C/C=C/C=C/C2=[N+](CCCCCC(=O)[O-])c3ccc4c(S(=O)(=O)O)cc(S(=O)(=O)O)cc4c3C2(C)C)C(C)(C)c2c1ccc1c(S(=O)(=O)O)cc(S(=O)(=O)O)cc21,intermediate,917.0709999999999,5.480300000000004,4.0,11.0,5.214670164989233
CHEMBL1288536,O=C(O)c1[nH]c2ccccc2c1CCS,intermediate,221.28099999999998,2.3384000000000005,3.0,2.0,5.920818753952375
CHEMBL1288228,O=C(O)c1c(CCS)c2ccccc2n1Cc1ccccc1,inactive,311.406,3.860100000000002,2.0,3.0,4.920818753952375
CHEMBL1288229,O=C(O)c1ccccc1Cn1c(C(=O)O)c(CCS)c2ccccc21,active,355.41499999999996,3.558300000000002,3.0,4.0,7.657577319177793
CHEMBL1288230,O=C(O)c1cccc(Cn2c(C(=O)O)c(CCS)c3ccccc32)c1,active,355.41499999999996,3.558300000000002,3.0,4.0,7.657577319177793
CHEMBL1288258,O=C(O)c1ccc(Cn2c(C(=O)O)c(CCS)c3ccccc32)cc1,active,355.415,3.558300000000002,3.0,4.0,7.026872146400302
CHEMBL1288259,O=C(O)c1ccc(Br)c(Cn2c(C(=O)O)c(CCS)c3ccccc32)c1,active,434.31100000000015,4.320800000000002,3.0,4.0,7.267606240177032
CHEMBL1288286,CC(C)(C)c1cc(Cn2c(C(=O)O)c(CCS)c3ccccc32)cc(C(=O)O)c1,active,411.52300000000014,4.855800000000004,3.0,4.0,7.468521082957745
CHEMBL1288287,O=C(O)c1cc(Cn2c(C(=O)O)c(CCS)c3ccccc32)ccc1Br,active,434.31100000000004,4.320800000000002,3.0,4.0,6.853871964321762
CHEMBL1287842,COc1ccc(C(=O)O)c(Cn2c(C(=O)O)c(CCS)c3ccccc32)c1,active,385.44100000000003,3.5669000000000013,3.0,5.0,7.031517051446065
CHEMBL1287843,O=C(O)c1cccc(Cn2c(C(=O)O)c(CCO)c3ccccc32)c1,inactive,339.347,2.620800000000001,3.0,4.0,4.619788758288394
CHEMBL1287871,CSCCc1c(C(=O)O)n(Cc2cccc(C(=O)O)c2)c2ccccc12,inactive,369.44200000000006,3.991500000000002,2.0,4.0,4.698970004336019
CHEMBL1287872,O=C(O)Cc1c(C(=O)O)n(Cc2cccc(C(=O)O)c2)c2ccccc12,intermediate,353.33000000000004,2.7131000000000007,3.0,4.0,5.769551078621726
CHEMBL1287873,O=C(O)c1c(CCS)c2ccccc2n1-c1ccccc1,intermediate,297.379,3.801000000000002,2.0,3.0,5.214670164989233
CHEMBL1287900,O=C(O)c1cccc(-n2c(C(=O)O)c(CCS)c3ccccc32)c1,active,341.38800000000003,3.499200000000002,3.0,4.0,7.657577319177793
CHEMBL382398,O=C(O)c1cccc(CC(CCCS)C(=O)O)c1,active,268.33399999999995,2.3381,3.0,3.0,7.823908740944319
CHEMBL303352,O=C(O)CCC(CCCS)C(=O)O,active,206.263,1.262,3.0,3.0,7.045757490560675
CHEMBL1921897,N[C@@H](CCC(=O)N[C@@H](COP(=O)(O)N[C@@H](CCC(=O)O)C(=O)O)C(=O)O)C(=O)O,active,443.30200000000025,-2.2274999999999956,8.0,8.0,7.853871964321762
CHEMBL1921898,O=C(O)CC[C@H](NP(=O)(O)OC[C@H](NC(=O)CC[C@H](NC(=O)c1ccc(-c2c3ccc(=O)cc-3oc3cc(O)ccc23)c(C(=O)[O-])c1)C(=O)O)C(=O)O)C(=O)O.[K+],active,839.6970000000005,-2.8048999999999946,9.0,13.0,9.387216143280265
CHEMBL1921899,O=C(O)CC[C@H](NP(=O)(O)OC[C@H](NC(=O)CC[C@H](NC(=O)CCCCCNC(=O)c1ccc(-c2c3ccc(=O)cc-3oc3cc(O)ccc23)c(C(=O)O)c1)C(=O)O)C(=O)O)C(=O)O,active,914.7670000000006,2.2024000000000004,11.0,13.0,9.455931955649724
CHEMBL1921900,O=C(O)CC[C@H](NP(=O)(O)OC[C@H](NC(=O)CC[C@H](NC(=O)CCOCCOCCOCCOCCOCCOCCOCCOCCNC(=O)c1ccc(-c2c3ccc(=O)cc-3oc3cc(O)ccc23)c(C(=O)O)c1)C(=O)O)C(=O)O)C(=O)O,active,1225.1100000000001,1.164900000000012,11.0,21.0,8.714442690992227
CHEMBL303352,O=C(O)CCC(CCCS)C(=O)O,active,206.263,1.262,3.0,3.0,7.045757490560675
CHEMBL382398,O=C(O)c1cccc(CC(CCCS)C(=O)O)c1,active,268.33399999999995,2.3381,3.0,3.0,7.823908740944319
CHEMBL1287900,O=C(O)c1cccc(-n2c(C(=O)O)c(CCS)c3ccccc32)c1,active,341.38800000000003,3.499200000000002,3.0,4.0,7.657577319177793
CHEMBL294565,O=C(O)CCCCS,intermediate,134.20000000000002,1.1711,2.0,2.0,5.853871964321762
CHEMBL2152434,O=C(O)c1cccc(CS)c1,intermediate,168.21699999999998,1.8146,2.0,2.0,5.886056647693163
CHEMBL2152435,O=C(O)c1cc(CS)ccc1-c1ccccc1,intermediate,244.31500000000003,3.481600000000001,2.0,2.0,5.2441251443275085
CHEMBL2152436,O=C(O)c1ccccc1-c1ccc(CS)cc1C(=O)O,active,288.324,3.179800000000002,3.0,3.0,6.468521082957745
CHEMBL2152437,O=C(O)c1cccc(-c2ccc(CS)cc2C(=O)O)c1,active,288.324,3.179800000000001,3.0,3.0,7.42021640338319
CHEMBL2152438,O=C(O)c1ccc(-c2ccc(CS)cc2C(=O)O)cc1,active,288.32399999999996,3.179800000000001,3.0,3.0,7.2839966563652006
CHEMBL2152439,O=C(O)c1cc(CS)ccc1OCc1ccccc1,active,274.341,3.393600000000002,2.0,3.0,6.376750709602099
CHEMBL2152555,O=C(O)c1ccccc1COc1ccc(CS)cc1C(=O)O,active,318.35,3.091800000000001,3.0,4.0,7.3872161432802645
CHEMBL2152556,O=C(O)c1cccc(COc2ccc(CS)cc2C(=O)O)c1,active,318.3500000000001,3.091800000000001,3.0,4.0,8.698970004336019
CHEMBL2152557,O=C(O)c1ccc(COc2ccc(CS)cc2C(=O)O)cc1,active,318.35,3.091800000000001,3.0,4.0,7.795880017344075
CHEMBL2152558,O=C(O)c1ccccc1CCS,active,182.24399999999997,1.8571000000000004,2.0,2.0,6.031517051446065
CHEMBL2152559,O=C(O)c1c(CCS)cccc1-c1ccccc1,intermediate,258.34200000000004,3.5241000000000016,2.0,2.0,5.853871964321762
CHEMBL2152560,O=C(O)c1ccccc1-c1cccc(CCS)c1C(=O)O,active,302.35100000000006,3.222300000000002,3.0,3.0,6.638272163982407
CHEMBL2152561,O=C(O)c1cccc(-c2cccc(CCS)c2C(=O)O)c1,active,302.351,3.2223000000000015,3.0,3.0,8.698970004336019
CHEMBL2152562,O=C(O)c1ccc(-c2cccc(CCS)c2C(=O)O)cc1,active,302.351,3.2223000000000015,3.0,3.0,8.154901959985743
CHEMBL2152563,O=C(O)c1c(CCS)cccc1OCc1ccccc1,active,288.368,3.4361000000000024,2.0,3.0,6.698970004336019
CHEMBL2152564,O=C(O)c1ccccc1COc1cccc(CCS)c1C(=O)O,active,332.377,3.134300000000002,3.0,4.0,6.853871964321762
CHEMBL2152565,O=C(O)c1cccc(COc2cccc(CCS)c2C(=O)O)c1,active,332.377,3.1343000000000014,3.0,4.0,7.161150909262744
CHEMBL2152566,O=C(O)c1ccc(COc2cccc(CCS)c2C(=O)O)cc1,active,332.37700000000007,3.1343000000000014,3.0,4.0,6.698970004336019
CHEMBL2177506,O=C(O)[C@H](F)C[C@@H](CP(=O)(O)O)C(=O)O,active,244.111,-0.3223000000000002,4.0,3.0,7.048662481204082
CHEMBL2177510,O=C(O)[C@@H](F)C[C@@H](CP(=O)(O)O)C(=O)O,active,244.111,-0.3223000000000002,4.0,3.0,7.252588192113577
CHEMBL2177509,O=C(O)[C@H](C[C@@H](F)C(=O)O)CP(=O)(O)O,active,244.111,-0.3223,4.0,3.0,8.09151498112135
CHEMBL2177507,O=C(O)[C@@H](F)C[C@H](CP(=O)(O)O)C(=O)O,active,244.111,-0.3223000000000002,4.0,3.0,8.508638306165727
CHEMBL2177508,O=C(O)C(F)CC(CP(=O)(O)O)C(=O)O,active,244.111,-0.3223000000000002,4.0,3.0,8.167491087293763
CHEMBL47009,O=C(O)CCC(CP(=O)(O)O)C(=O)O,active,226.121,-0.27029999999999993,4.0,3.0,8.958607314841775
CHEMBL334737,O=C(O)CCCC(CP(=O)(O)O)C(=O)O,active,240.148,0.11979999999999996,4.0,3.0,6.732828271596986
CHEMBL3116049,O=C(O)c1cccc(-c2cccc3c2C(=O)SCC3)c1,inactive,284.336,3.481300000000002,1.0,3.0,4.698970004336019
CHEMBL3116048,O=C(O)CCC1CCCSC1=O,intermediate,188.248,1.521,1.0,3.0,5.698970004336019
CHEMBL303352,O=C(O)CCC(CCCS)C(=O)O,active,206.263,1.262,3.0,3.0,7.045757490560675
CHEMBL46005,O=C(O)CC[C@H](NC(=O)N[C@@H](CCC(=O)O)C(=O)O)C(=O)O,active,320.2540000000001,-1.0783999999999987,6.0,5.0,7.327902142064283
CHEMBL3427434,O=C(O)CC[C@H](NP(=O)(O)OCCC[C@H](NC(=O)CC[C@H](NC(=O)c1ccc(F)cc1)C(=O)O)C(=O)O)C(=O)O,intermediate,593.4540000000004,0.1631000000000014,8.0,8.0,5.886056647693163
CHEMBL3427433,NCCCCCC(=O)N[C@@H](CCC(=O)N[C@@H](CCCOP(=O)(O)N[C@@H](CCC(=O)O)C(=O)O)C(=O)O)C(=O)O,inactive,584.5160000000003,-0.7706999999999928,9.0,9.0,4.721246399047171
CHEMBL3427432,N[C@@H](CCC(=O)N[C@@H](CCCOP(=O)(O)N[C@@H](CCC(=O)O)C(=O)O)C(=O)O)C(=O)O,inactive,471.3560000000003,-1.4472999999999958,8.0,8.0,4.568636235841013
CHEMBL3427435,O=C(O)CC[C@H](NP(=O)(O)OCCC[C@H](NC(=O)CC[C@H](NC(=O)CCCCCNC(=O)c1ccc(F)cc1)C(=O)O)C(=O)O)C(=O)O,active,706.6140000000006,0.8397000000000026,9.0,9.0,6.3979400086720375
CHEMBL3427436,N[C@@H](CCC(=O)N1C[C@H](OP(=O)(O)N[C@@H](CCC(=O)O)C(=O)O)C[C@H]1C(=O)O)C(=O)O,inactive,469.34000000000026,-1.7427999999999955,7.0,8.0,4.221848749616356
CHEMBL3427437,N[C@@H](CCC(=O)N1C[C@@H](OP(=O)(O)N[C@@H](CCC(=O)O)C(=O)O)C[C@@H]1C(=O)O)C(=O)O,inactive,469.34000000000026,-1.7427999999999955,7.0,8.0,3.447331783887807
CHEMBL3427438,NCCCCCC(=O)N[C@@H](CCC(=O)N1C[C@H](OP(=O)(O)N[C@@H](CCC(=O)O)C(=O)O)C[C@H]1C(=O)O)C(=O)O,inactive,582.5000000000003,-1.0661999999999938,8.0,9.0,4.102372908709558
CHEMBL3427439,NCCCCCC(=O)N[C@@H](CCC(=O)N1C[C@@H](OP(=O)(O)N[C@@H](CCC(=O)O)C(=O)O)C[C@@H]1C(=O)O)C(=O)O,inactive,582.5000000000003,-1.0661999999999938,8.0,9.0,3.9507819773298185
CHEMBL3427440,O=C(O)CC[C@H](NP(=O)(O)O[C@@H]1C[C@@H](C(=O)O)N(C(=O)CC[C@H](NC(=O)c2ccc(F)cc2)C(=O)O)C1)C(=O)O,intermediate,591.4380000000003,-0.13239999999999902,7.0,8.0,5.585026652029182
CHEMBL3427441,O=C(O)CC[C@H](NP(=O)(O)O[C@H]1C[C@H](C(=O)O)N(C(=O)CC[C@H](NC(=O)c2ccc(F)cc2)C(=O)O)C1)C(=O)O,intermediate,591.4380000000003,-0.13239999999999902,7.0,8.0,5.522878745280337
CHEMBL3427442,O=C(O)CC[C@H](NP(=O)(O)O[C@@H]1C[C@@H](C(=O)O)N(C(=O)CC[C@H](NC(=O)CCCCCNC(=O)c2ccc(F)cc2)C(=O)O)C1)C(=O)O,intermediate,704.5980000000005,0.5442000000000028,8.0,9.0,5.886056647693163
CHEMBL3427443,O=C(O)CC[C@H](NP(=O)(O)O[C@H]1C[C@H](C(=O)O)N(C(=O)CC[C@H](NC(=O)CCCCCNC(=O)c2ccc(F)cc2)C(=O)O)C1)C(=O)O,inactive,704.5980000000005,0.5442000000000028,8.0,9.0,4.958607314841775
CHEMBL303352,O=C(O)CCC(CCCS)C(=O)O,active,206.263,1.262,3.0,3.0,7.045757490560675
CHEMBL47009,O=C(O)CCC(CP(=O)(O)O)C(=O)O,active,226.121,-0.27029999999999993,4.0,3.0,9.522878745280337
CHEMBL47009,O=C(O)CCC(CP(=O)(O)O)C(=O)O,active,226.121,-0.27029999999999993,4.0,3.0,7.2839966563652006
CHEMBL3785201,O=C(O)CC[C@H](NC(=O)N[C@@H](CCCCn1cc(COCCOCCOCCOCCNc2ccc([N+](=O)[O-])cc2[N+](=O)[O-])nn1)C(=O)O)C(=O)O,active,742.6960000000005,1.013700000000004,6.0,16.0,8.045757490560675
CHEMBL3786507,O=C(O)CC[C@H](NC(=O)N[C@@H](CCCCn1cc(COCCOCCOCCOCCOCCOCCOCCOCCNc2ccc([N+](=O)[O-])cc2[N+](=O)[O-])nn1)C(=O)O)C(=O)O,active,918.9080000000001,1.0801000000000098,6.0,20.0,7.638272163982407
CHEMBL3786511,O=C(O)CC[C@H](NC(=O)N[C@@H](CCCCn1nnc(COCCOCCOCCOCCNc2ccc([N+](=O)[O-])cc2[N+](=O)[O-])c1I)C(=O)O)C(=O)O,active,868.5920000000006,1.6183000000000025,6.0,16.0,7.522878745280337
CHEMBL3785826,O=C(O)CC[C@H](NC(=O)N[C@@H](CCCCn1nnc(COCCOCCOCCOCCOCCOCCOCCOCCNc2ccc([N+](=O)[O-])cc2[N+](=O)[O-])c1I)C(=O)O)C(=O)O,active,1044.804,1.6847000000000092,6.0,20.0,7.619788758288394
CHEMBL3786463,O=C(O)CC[C@H](NC(=O)N[C@@H](CCCCNC(=O)Cn1nnc(COCCOCCOCCOCCNc2ccc([N+](=O)[O-])cc2[N+](=O)[O-])c1I)C(=O)O)C(=O)O,active,925.6440000000005,0.7345000000000077,7.0,17.0,7.823908740944319
CHEMBL3785709,O=C(O)CC[C@H](NC(=O)N[C@@H](CCCCNC(=O)Cn1nnc(COCCOCCOCCOCCOCCOCCOCCOCCNc2ccc([N+](=O)[O-])cc2[N+](=O)[O-])c1I)C(=O)O)C(=O)O,active,1101.856,0.8009000000000126,7.0,21.0,7.853871964321762
CHEMBL3785786,O=C(O)CC[C@H](NC(=O)N[C@@H](CCCCNC(=O)Cn1nnc(I)c1COCCOCCOCCOCCNc1ccc([N+](=O)[O-])cc1[N+](=O)[O-])C(=O)O)C(=O)O,active,925.6439999999998,0.7345000000000068,7.0,17.0,7.721246399047171
CHEMBL3786678,O=C(O)CC[C@H](NC(=O)N[C@@H](CCCCNC(=O)Cn1nnc(I)c1COCCOCCOCCOCCOCCOCCOCCOCCNc1ccc([N+](=O)[O-])cc1[N+](=O)[O-])C(=O)O)C(=O)O,active,1101.8559999999993,0.8009000000000117,7.0,21.0,7.008773924307505
CHEMBL3787537,NCc1c(I)nnn1CC(=O)NCCCC[C@H](NC(=O)N[C@@H](CCC(=O)O)C(=O)O)C(=O)O,active,583.3400000000005,-1.301699999999995,7.0,9.0,6.910094888560602
CHEMBL3786632,O=C(O)CC[C@H](NC(=O)N[C@@H](CCCCNC(=O)Cn1nnc(I)c1CNc1ccc([N+](=O)[O-])cc1[N+](=O)[O-])C(=O)O)C(=O)O,active,749.4320000000002,0.6681000000000012,7.0,13.0,8.522878745280337
CHEMBL63454,O=C(O)CCC(CCC(=O)NO)C(=O)O,intermediate,219.193,-0.16239999999999966,4.0,4.0,5.920818753952375
CHEMBL3818599,O=C(CC[C@@H](Cc1ccc(C(=O)O)cc1)C(=O)O)NO,active,281.26399999999995,0.9137000000000002,4.0,4.0,7.013228265733755
CHEMBL3818203,O=C(CC[C@H](Cc1ccc(C(=O)O)cc1)C(=O)O)NO,active,281.26399999999995,0.9137000000000002,4.0,4.0,7.356547323513812
CHEMBL3818465,O=C(CCC(Cc1ccc(C(=O)O)cc1)C(=O)O)NO,active,281.26399999999995,0.9137000000000002,4.0,4.0,7.200659450546418
CHEMBL3856119,CC(=O)NC(=N)c1ccc2[nH]c(-c3cc(-c4ccc(CNC(=O)[C@H](CCCCNC(=O)CCCCC[N+]5=C(/C=C/C6=C/C(=C/C=C7/N(C)c8ccc(S(=O)(=O)O)cc8C7(C)C)CCC6)C(C)(C)c6cc(S(=O)(=O)O)ccc65)NC(=O)CCCCCCC(=O)NCCCCC(NC(=O)N[C@@H](CCC(=O)O)C(=O)O)C(=O)O)cc4)ccc3O)cc2c1,active,1676.013000000001,11.788569999999996,15.0,16.0,7.6020599913279625
CHEMBL3856123,CN1/C(=C/C=C2/C=C(/C=C/C3=[N+](CCCCCC(=O)NCCCC[C@H](NC(=O)CCCCCCC(=O)NCCCCC(NC(=O)N[C@@H](CCC(=O)O)C(=O)O)C(=O)O)C(=O)NCc4ccc(-c5ccc(O)c(-c6cc7cc(C(=N)N)ccc7[nH]6)c5)cc4)c4ccc(S(=O)(=O)O)cc4C3(C)C)CCC2)C(C)(C)c2cc(S(=O)(=O)O)ccc21,active,1633.9759999999999,11.611169999999994,15.0,15.0,7.552841968657781
CHEMBL3818465,O=C(CCC(Cc1ccc(C(=O)O)cc1)C(=O)O)NO,active,281.26399999999995,0.9137000000000002,4.0,4.0,7.3979400086720375
CHEMBL4072291,CC(=O)ONC(=O)CCC(Cc1ccc(C(=O)O)cc1)C(=O)O,intermediate,323.30100000000004,1.0026000000000002,3.0,5.0,5.301029995663981
CHEMBL4093384,CC(=O)Oc1ccc(CONC(=O)CCC(Cc2ccc(C(=O)O)cc2)C(=O)O)cc1,intermediate,429.4250000000001,2.581600000000001,3.0,6.0,5.301029995663981
CHEMBL4072668,Cc1oc(=O)oc1CONC(=O)CCC(Cc1ccc(C(=O)O)cc1)C(=O)O,active,393.34800000000007,1.51092,3.0,7.0,6.267606240177032
CHEMBL4085644,CCOC(=O)c1ccc(CC(CCC(=O)NOCc2ccc(OC(C)=O)cc2)C(=O)O)cc1,intermediate,457.47900000000016,3.060100000000001,2.0,7.0,5.301029995663981
CHEMBL4064073,CCOC(=O)c1ccc(CC(CCC(=O)NOCc2ccc(OC(C)=O)cc2)C(=O)OCC)cc1,intermediate,485.53300000000024,3.5386000000000024,1.0,8.0,5.301029995663981
CHEMBL4077788,CC(=O)Oc1ccc(CONC(=O)CCC(Cc2ccc(C(=O)OCOC(=O)OC(C)C)cc2)C(=O)O)cc1,intermediate,545.5410000000004,3.559300000000002,2.0,10.0,5.301029995663981
CHEMBL510924,O=C(O)CC[C@H](NC(=O)N[C@@H](CCCCNC(=O)c1ccc(I)cc1)C(=O)O)C(=O)O,active,549.3180000000002,1.2616999999999992,6.0,5.0,10.67778070526608
CHEMBL4280968,O=C(O)CC[C@H](NC(=O)N[C@@H](CCCC(=O)N(CCNC(=O)c1ccc(F)nc1)c1ccccc1)C(=O)O)C(=O)O,active,575.5500000000003,1.2244000000000013,6.0,7.0,9.886056647693163
CHEMBL4291603,O=C(O)CC[C@H](NC(=O)N[C@@H](CCCC(=O)NCCNC(=O)c1ccc(F)nc1)C(=O)O)C(=O)O,active,499.4520000000002,-0.6925999999999972,7.0,7.0,8.954677021213342
CHEMBL4286872,O=C(O)CC[C@H](NC(=O)N[C@@H](CCCC(=O)N(CCNC(=O)c1ccc(F)cc1)c1ccccc1)C(=O)O)C(=O)O,active,574.5620000000002,1.8294000000000001,6.0,6.0,9.823908740944319
CHEMBL4294773,O=C(O)CC[C@H](NC(=O)N[C@@H](CCCC(=O)NCCNC(=O)c1ccc(F)cc1)C(=O)O)C(=O)O,active,498.4640000000002,-0.08759999999999757,7.0,6.0,9.0268721464003
CHEMBL4281573,O=C(O)CC[C@H](NC(=O)N[C@@H](CCCC(=O)NC(c1ccc(F)cc1)c1ccc(F)cc1)C(=O)O)C(=O)O,active,535.5000000000002,2.4111000000000002,6.0,5.0,8.924453038607469
CHEMBL4289458,O=C(O)CC[C@H](NC(=O)N[C@@H](CCCC(=O)N1CCN(c2ccc(F)cc2)CC1)C(=O)O)C(=O)O,active,496.49200000000025,0.7150000000000002,5.0,6.0,8.882728704344236
CHEMBL4284995,CN(C(=O)CCC[C@H](NC(=O)N[C@@H](CCC(=O)O)C(=O)O)C(=O)O)c1ccc(F)nc1,active,442.40000000000015,0.42420000000000135,5.0,6.0,10.1249387366083
CHEMBL4292853,O=C(O)CC[C@H](NC(=O)N[C@@H](CCCC(=O)Nc1ccc(F)nc1)C(=O)O)C(=O)O,active,428.3730000000001,0.39990000000000003,6.0,6.0,9.00436480540245
CHEMBL4288368,CN(C(=O)CCC[C@H](NC(=O)N[C@@H](CCC(=O)O)C(=O)O)C(=O)O)c1ccc(F)cc1,active,441.41200000000015,1.0292000000000006,5.0,5.0,9.698970004336019
CHEMBL4277729,O=C(O)CC[C@H](NC(=O)N[C@@H](CCCC(=O)Nc1cccc(F)c1)C(=O)O)C(=O)O,active,427.3850000000001,1.0048999999999995,6.0,5.0,9.55284196865778
CHEMBL4291782,O=C(O)CC[C@H](NC(=O)N[C@@H](CCCC(=O)Nc1ccc(F)cc1)C(=O)O)C(=O)O,active,427.3850000000001,1.0048999999999986,6.0,5.0,9.455931955649724
CHEMBL4281157,C[C@H](NC(=O)CCC[C@H](NC(=O)N[C@@H](CCC(=O)O)C(=O)O)C(=O)O)c1ccc(F)nc1,active,456.42700000000013,0.6386000000000012,6.0,6.0,8.350665141287859
CHEMBL4287838,C[C@@H](NC(=O)CCC[C@H](NC(=O)N[C@@H](CCC(=O)O)C(=O)O)C(=O)O)c1ccc(F)cc1,active,455.43900000000014,1.2436000000000005,6.0,5.0,8.26440110030182
CHEMBL4279929,C[C@H](NC(=O)CCC[C@H](NC(=O)N[C@@H](CCC(=O)O)C(=O)O)C(=O)O)c1ccc(F)cc1,active,455.43900000000014,1.2436000000000005,6.0,5.0,8.280668713016274
CHEMBL4291245,CN(Cc1cccc(F)c1)C(=O)CCC[C@H](NC(=O)N[C@@H](CCC(=O)O)C(=O)O)C(=O)O,active,455.4390000000002,1.0248000000000013,5.0,5.0,9.337242168318426
CHEMBL4283406,CN(Cc1ccc(F)cc1)C(=O)CCC[C@H](NC(=O)N[C@@H](CCC(=O)O)C(=O)O)C(=O)O,active,455.4390000000002,1.0248000000000013,5.0,5.0,9.193820026016112
CHEMBL4294649,O=C(O)CC[C@H](NC(=O)N[C@@H](CCCC(=O)NCc1ccccc1F)C(=O)O)C(=O)O,active,441.41200000000015,0.6826000000000013,6.0,5.0,8.675717544702307
CHEMBL4286751,O=C(O)CC[C@H](NC(=O)N[C@@H](CCCC(=O)NCc1cccc(F)c1)C(=O)O)C(=O)O,active,441.41200000000015,0.6826000000000004,6.0,5.0,8.536107011014092
CHEMBL4279502,O=C(O)CC[C@H](NC(=O)N[C@@H](CCCC(=O)NCc1ccc(F)cc1)C(=O)O)C(=O)O,active,441.41200000000015,0.6826000000000004,6.0,5.0,8.6345120151091
CHEMBL4513258,CC(C)C[C@@H](NC(=O)O[C@H](CCC(=O)O)C(=O)O)C(=O)O,intermediate,305.283,0.5299000000000003,4.0,5.0,5.069050968832477
CHEMBL4462654,CC(C)C[C@H](NC(=O)O[C@H](CCC(=O)O)C(=O)O)C(=O)O,active,305.283,0.5299000000000003,4.0,5.0,6.200659450546418
CHEMBL4473741,CC(C)C[C@@H](NC(=O)O[C@@H](CCC(=O)O)C(=O)O)C(=O)O,active,305.283,0.5299000000000003,4.0,5.0,8.050609993355087
CHEMBL4442450,CC(C)C[C@H](NC(=O)O[C@@H](CCC(=O)O)C(=O)O)C(=O)O,active,305.283,0.5299000000000003,4.0,5.0,9.187086643357144
CHEMBL4587808,CC(C)C[C@@H](OC(=O)N[C@@H](CCC(=O)O)C(=O)O)C(=O)O,active,305.283,0.5299000000000003,4.0,5.0,6.274905478918531
CHEMBL4541841,CC(C)C[C@H](OC(=O)N[C@@H](CCC(=O)O)C(=O)O)C(=O)O,active,305.283,0.5299000000000003,4.0,5.0,7.772113295386326
CHEMBL4458733,CC(C)C[C@@H](NC(=O)N[C@@H](CCC(=O)O)C(=O)O)C(=O)O,active,304.299,0.10290000000000182,5.0,4.0,7.798602875679548
CHEMBL596351,CC(C)C[C@H](NC(=O)N[C@@H](CCC(=O)O)C(=O)O)C(=O)O,active,304.299,0.10290000000000182,5.0,4.0,9.301029995663981
CHEMBL4453028,O=C(O)CC[C@H](NC(=O)N[C@H](CCCCNC(=O)c1ccc(I)cc1)C(=O)O)C(=O)O,active,549.3180000000002,1.2616999999999992,6.0,5.0,6.0
CHEMBL510924,O=C(O)CC[C@H](NC(=O)N[C@@H](CCCCNC(=O)c1ccc(I)cc1)C(=O)O)C(=O)O,active,549.3180000000002,1.2616999999999992,6.0,5.0,9.657577319177793
CHEMBL4439962,O=C(O)CC[C@H](NC(=O)NCC[C@@H](NC(=O)CCCCNC(=O)c1ccc(I)cc1)C(=O)O)C(=O)O,active,620.3970000000003,0.7680000000000009,7.0,6.0,6.0
CHEMBL4524986,O=C(O)CC[C@H](NC(=O)NCC[C@@H](NC(=O)CCCNC(=O)c1ccc(I)cc1)C(=O)O)C(=O)O,active,606.3700000000002,0.3779000000000011,7.0,6.0,6.0
CHEMBL4588782,O=C(O)CC[C@H](NC(=O)NCC[C@@H](NC(=O)CCNC(=O)c1ccc(I)cc1)C(=O)O)C(=O)O,active,592.3430000000002,-0.012199999999997435,7.0,6.0,6.0
CHEMBL4514701,O=C(O)CC[C@H](NC(=O)NCC[C@@H](NC(=O)c1ccc(I)cc1)C(=O)O)C(=O)O,active,521.2640000000001,0.4814999999999997,6.0,5.0,6.0
CHEMBL4558538,O=C(O)CC[C@H](NC(=O)NCC[C@H](NC(=O)CCCCNC(=O)c1ccc(I)cc1)C(=O)O)C(=O)O,active,620.3970000000003,0.7680000000000009,7.0,6.0,6.709965388637482
CHEMBL4586744,O=C(O)CC[C@H](NC(=O)NCC[C@H](NC(=O)CCCNC(=O)c1ccc(I)cc1)C(=O)O)C(=O)O,active,606.3700000000002,0.3779000000000011,7.0,6.0,6.546681659952962
CHEMBL4471968,O=C(O)CC[C@H](NC(=O)NCC[C@H](NC(=O)CCNC(=O)c1ccc(I)cc1)C(=O)O)C(=O)O,active,592.3430000000002,-0.012199999999997435,7.0,6.0,6.97061622231479
CHEMBL4457563,O=C(O)CC[C@H](NC(=O)NCC[C@H](NC(=O)c1ccc(I)cc1)C(=O)O)C(=O)O,active,521.2640000000001,0.4814999999999997,6.0,5.0,6.399027104313252
CHEMBL4445179,O=C(O)CC[C@H](NC(=O)NC[C@@H](NC(=O)CCCCNC(=O)c1ccc(I)cc1)C(=O)O)C(=O)O,active,606.3700000000002,0.3779000000000011,7.0,6.0,7.777283528852417
CHEMBL4590944,O=C(O)CC[C@H](NC(=O)NC[C@@H](NC(=O)CCCNC(=O)c1ccc(I)cc1)C(=O)O)C(=O)O,active,592.3430000000002,-0.01219999999999788,7.0,6.0,8.401209493236886
CHEMBL4513630,O=C(O)CC[C@H](NC(=O)NC[C@@H](NC(=O)CCNC(=O)c1ccc(I)cc1)C(=O)O)C(=O)O,active,578.3160000000003,-0.4022999999999975,7.0,6.0,7.924453038607469
CHEMBL4461865,O=C(O)CC[C@H](NC(=O)NC[C@@H](NC(=O)c1ccc(I)cc1)C(=O)O)C(=O)O,active,507.23700000000014,0.09140000000000026,6.0,5.0,7.958607314841775
CHEMBL4466904,O=C(O)CC[C@H](NC(=O)NC[C@H](NC(=O)CCCCNC(=O)c1ccc(I)cc1)C(=O)O)C(=O)O,active,606.3700000000002,0.3779000000000011,7.0,6.0,6.809668301829708
CHEMBL4459899,O=C(O)CC[C@H](NC(=O)NC[C@H](NC(=O)CCCNC(=O)c1ccc(I)cc1)C(=O)O)C(=O)O,active,592.3430000000002,-0.01219999999999788,7.0,6.0,6.0
CHEMBL4459755,O=C(O)CC[C@H](NC(=O)NC[C@H](NC(=O)CCNC(=O)c1ccc(I)cc1)C(=O)O)C(=O)O,active,578.3160000000003,-0.4022999999999975,7.0,6.0,6.0
CHEMBL4550529,O=C(O)CC[C@H](NC(=O)NC[C@H](NC(=O)c1ccc(I)cc1)C(=O)O)C(=O)O,active,507.23700000000014,0.09140000000000026,6.0,5.0,6.0
CHEMBL4299851,O=C(O)CC[C@H](NC(=O)N[C@@H](CCCCNC(=O)c1ccc(F)nc1)C(=O)O)C(=O)O,active,442.40000000000015,0.19120000000000015,6.0,6.0,8.806875401645538
CHEMBL458202,NCCCC[C@H](NC(=O)N[C@@H](CCC(=O)O)C(=O)O)C(=O)O,intermediate,319.314,-0.8141999999999985,6.0,5.0,5.8326826652518236
CHEMBL4444705,[N-]=[N+]=NCCCCCC(=O)N(CCCC[C@H](NC(=O)N[C@@H](CCC(=O)O)C(=O)O)C(=O)O)Cc1ccc(O)cc1,active,564.5960000000003,2.832200000000001,6.0,7.0,6.853871964321762
CHEMBL4449364,[N-]=[N+]=NCCCCCC(=O)N(CCCC[C@H](NC(=O)N[C@@H](CCC(=O)O)C(=O)O)C(=O)O)Cc1ccc(Br)cc1,active,627.4930000000003,3.8891000000000018,5.0,6.0,6.769551078621726
CHEMBL4463310,[N-]=[N+]=NCCCCCC(=O)N(CCCC[C@H](NC(=O)N[C@@H](CCC(=O)O)C(=O)O)C(=O)O)Cc1ccc(Cl)cc1,active,583.0420000000003,3.780000000000002,5.0,6.0,6.958607314841775
